model,query,prediction,answer,EM,F1,Recall@K,Hallucination,Confidence
unsloth/Qwen2.5-7B-Instruct-bnb-4bit,"User environment variables no longer getting picked up after upgrade to 4.1.1.1 or 4.1.1.2?



Have you found that after upgrade to Streams 4.1.1.1 or 4.1.1.2, that environment variables set in your .bashrc are no longer being set? For example ODBCINI is not set for the database toolkit and you get

     An SQL operation failed. The SQL state is 08003, the SQL code
     is 0 and the SQL message is [unixODBC][Driver
     Manager]Connnection does not exist.
","Yes, after upgrading to Streams 4.1.1.1 or 4.1.1.2, environment variables set in the .bashrc file are no longer being inherited by Streams jobs when running as a system service. I don't know. I can confirm that this issue occurs and provides a workaround, but I do not have information about whether users have experienced this exact scenario.","To work around the issue, set environment variables that are needed by the application directly in the instance with:  * 
   
 * streamtool setproperty
 * -d <domain> -i <instance>
   --application-ev <VARIABLE NAME>=<VARIABLE VALUE>",0,0.2278481012658228,1,1.0,0.3923449218273163
unsloth/Qwen2.5-7B-Instruct-bnb-4bit,"Netcool/Impact (all versions): How is the Exit() action function expected to work with User Defined Functions?

Netcool/Impact (all versions)

Using the Exit() action function within a User Defined Function in a Policy will not exit the Policy process.","The Exit() action function within a User Defined Function in a Policy is designed to exit the immediate scope of the function. It does not exit the entire Policy process. To exit the Policy process from within a User Defined Function, you need to set a global variable indicating that the Policy should exit, and then test this variable after calling the User Defined Function. For example:

```plaintext
SetGlobalVar",This is because the Exit() parser function in IPL is designed to exit the immediate scope. To carry the action outside of the User Defined Function to the Policy level one would have to set a variable that is then tested immediately after the User Defined Function call,0,0.5316455696202531,1,0.3864777684211731,0.698257178068161
unsloth/Qwen2.5-7B-Instruct-bnb-4bit,"How to configure SSL mutual authentication in IBM HTTP Server?



We are running IHS v7 and our application team has a specific webservice that they require SSL mutual authentication to be enabled for at the http server. Does anyone know how to set this up on IHS? Or any documentation?

Thanks
","I don't know. The provided context does not contain information about configuring SSL mutual authentication in IBM HTTP Server (IHS). It focuses on configuring DataPower MQ client to use SSL in mutual authentication mode with WebSphere MQ. Therefore, there is no relevant information to answer the given question.","The following steps help guide you through the proper set up of SSL within the IBM HTTP Server: 

 1. Confirm that the Global Security Kit (GSKit) is installed and meets the minimum requirements
    
    
 2. Create a key database file and certificates needed to authenticate the Web server during an SSL handshake
    
    
 3. Enable SSL directives within the IBM HTTP Server configuration file (httpd.conf)
    
    
 4. Other considerations when enabling SSL directives within the IBM HTTP Server configuration file (httpd.conf)
    
    
 5. Information that IBM WebSphere® Support needs to debug SSL configuration and certificate issues related to the IBM HTTP Server",0,0.1553398058252427,1,1.0,0.3282923400402069
unsloth/Qwen2.5-7B-Instruct-bnb-4bit,"What happened to load.rules FAQ example?

The load.rules maths function example rules file does not appear to be available anymore? ","I don't know. The context provided does not contain information about specific rules file examples or their availability. It only mentions that the guide provides commonly used rules file techniques and refers to other guides for more general guidance. Therefore, there is no information to determine what happened to the load.rules FAQ example.",Netcool Technical Support Guide to rules file processing is provided as a collection of commonly used rules file techniques.,0,0.25396825396825395,1,1.0,0.25767070055007935
unsloth/Qwen2.5-7B-Instruct-bnb-4bit,"Is ITNM exposed to Apache CXF vulnerability (CVE-2017-3156)?

Is ITNM versions are affected by Apache CXF vulnerability (CVE-2017-3156), If yes then what are all the version will be affected and where I can find the details?","Yes, ITNM versions are affected by the Apache CXF vulnerability (CVE-2017-3156). The affected versions are:

- Tivoli Network Manager IP Edition 4.1.1 (Huawei MTOSI Collector install)
- Tivoli Network Manager IP Edition 4.2.0 (Huawei MTOSI Collector install)

You can find","CVEID: CVE-2017-3156 [http://cve.mitre.org/cgi-bin/cvename.cgi?name=CVE-2017-3156]
DESCRIPTION: Apache CXF could provide weaker than expected security, caused by the failure to use the OAuth2 Hawk and JOSE MAC Validation code. A remote attacker could exploit this vulnerability using timing attacks to obtain sensitive information.
CVSS Base Score: 5.9
CVSS Temporal Score: See https://exchange.xforce.ibmcloud.com/vulnerabilities/130249 [https://exchange.xforce.ibmcloud.com/vulnerabilities/130249] for the current score
CVSS Environmental Score*: Undefined
CVSS Vector: (CVSS:3.0/AV:N/AC:H/PR:N/UI:N/S:U/C:H/I:N/A:N)",0,0.125,1,1.0,0.25029605627059937
unsloth/Qwen2.5-7B-Instruct-bnb-4bit,"Why do I get an exception when calling MQ after migrating my BPM environment (2035 MQRC_NOT_AUTHORIZED) ?



We migrated our BPM environment from V8.0 to 8.5.7. When we attempt to call the MQ service we are getting the following exception:

     [10/16/17 13:50:05:273 AST] 0000026d SystemOut     O
     com.ibm.msg.client.jms.DetailedJMSSecurityException: JMSWMQ2013: The
     security authentication was not valid that was supplied for QueueManager
     'QM1' with connection mode 'Client' and host name 'MQ1(1414)'.
     Please check if the supplied username and password are correct on the
     QueueManager to which you are connecting.
     ...
     Caused by: com.ibm.mq.MQException: JMSCMQ0001: WebSphere MQ call failed
     with compcode '2' ('MQCC_FAILED') reason '2035' ('MQRC_NOT_AUTHORIZED').
      at
     com.ibm.msg.client.wmq.common.internal.Reason.createException(Reason.jav
     a:204)
      ... 162 more

The same MQ service is working fine in the old BPM environment. User name and password configured for the queue is correct. However, when we check the MQ logs, we observing the username is not used, instead the sys admin user seems to be used.","The user identifier passed across the client connection from the application server to MQ is not known on the server where the MQ queue manager is running, is not authorized to connect to MQ, or is longer than 12 characters and has been truncated. In your case, it appears that the system admin user is being used instead of the expected user identifier, which could be due to configuration differences between the old","Default component-managed authentication alias for outbound connections 

For cases where it is impractical to change the application to use container-managed security, or to change it to supply a username and password directly on the createConnection call, it is possible to supply a default. 

This default is called the ""component-managed authentication alias"" and cannot be configured via the administrative console (since WebSphere Application Server Version 7.0 when it was removed from the panels MQ connection factories). The below scripting samples show how to configure it using wsadmin: 

 * JACL:
   wsadmin>set cell [ $AdminConfig getid ""/Cell:mycell"" ]
   
   mycell(cells/mycell|cell.xml#Cell_1)
   
   wsadmin>$AdminTask listWMQConnectionFactories $cell
   
   MyCF(cells/mycell|resources.xml#MQConnectionFactory_1247500675104)
   
   wsadmin>$AdminTask modifyWMQConnectionFactory MyCF(cells/mycell|resources.xml#MQConnectionFactory_1247500675104) { -componentAuthAlias myalias }
   
   MyCF(cells/mycell|resources.xml#MQConnectionFactory_1247500675104) 
 * Jython:
   wsadmin>cell = AdminConfig.getid(""/Cell:mycell"")
   
   wsadmin>AdminTask.listWMQConnectionFactories(cell)
   
   'MyCF(cells/mycell|resources.xml#MQConnectionFactory_1247500675104)'
   
   wsadmin>AdminTask.modifyWMQConnectionFactory('MyCF(cells/mycell|resos urces.xml#MQConnectionFactory_1247500675104)', ""-componentAuthAlias myalias"")
   
   'MyCF(cells/mycell|resources.xml#MQConnectionFactory_1247500675104)'",0,0.19310344827586207,1,1.0,0.39952439069747925
unsloth/Qwen2.5-7B-Instruct-bnb-4bit,"Is the Requisite Pro (ReqPro) feature/plugin supported with a 64-bit RAD/RSA(4WS) 851+ installation

Is the Requisite Pro (ReqPro) feature/plugin supported with a 64-bit install of RAD/RSA(4WS) 851? ",I don't know. The provided context does not contain any information about the Requisite Pro (ReqPro) feature/plugin or its support with a 64-bit RAD/RSA(4WS) 851 installation. The context only discusses issues related to IBM Rational Asset Analyzer (RAA) and its installation on IBM Rational Developer for System z (RDz). I do not have enough,the Rational RequisitePro integration features/plugins are not supported or provided. These are only available as 32-bit eclipse plugins.,0,0.15873015873015875,1,1.0,0.25225090980529785
unsloth/Qwen2.5-7B-Instruct-bnb-4bit,"Unable to locate the More tab of Document class - Property definition tab - property template configuration to update Is Required setting.

Unable to locate the More tab of Document class - Property definition tab - property template configuration to update Is Required setting. Environment is running on Content Engine 5.2.0.3. ","I don't know. The provided context does not mention a ""More tab"" for updating the ""Is Required"" setting in the Property definition tab of the Document class in Content Engine. The steps described do not include such a tab. You may need to refer to the specific documentation or support resources for Content Engine 5.2.0.3 for this feature. I don't have information about","Follow the below steps to update the property definition properties on ACCE: 




 1. Launch ACCE 
 2. Expand the object stores folder and click the object store to open the Object store tab 
 3. Expand the Data Design folder and Classes folder. Click the document class to open Document Class tab 
 4. From Properties tab, open Property Definitions drop down and select the property definition you want to modify 
 5. ACCE will open that property definition in a new Properties tab 
 6. Modify the property definition as required 
 7. Go back to the Class Definition tab and click Save",0,0.21359223300970873,1,1.0,0.2687234878540039
unsloth/Qwen2.5-7B-Instruct-bnb-4bit,"managesdk.sh -listEnabledProfileAll fails with error: Couldn't get file lock.



I am installing WebGUI FP13 and it is failing with the symptoms described in below technote.

https://www-01.ibm.com/support/docview.wss?uid=swg21993160

As described in above technote when I run managesdk.sh script it fails with below errors.

./managesdk.sh -listEnabledProfileAll

Sep 26, 2018 10:14:12 AM java.util.prefs.FileSystemPreferences syncWorld

WARNING: Couldn't flush user prefs: java.util.prefs.BackingStoreException: Couldn't get file lock.

Please let me know what could be the issue?","The issue seems to be related to the user running the WebSphere Application Server not having a user_home directory, which prevents them from accessing the necessary preference files. Running the command with the root ID might resolve the issue as the root user typically has the required permissions and directories. I don't know if the specific error ""Couldn't get file lock"" is directly mentioned in the provided context, but the","The non-root ID that is being used to start WebSphere Application Server does not have a user_home directory. Therefore this non-root ID is unable to access the root user's ""/etc/.java/.systemPrefs"". This produces the aforementioned warning messages every 30 seconds in the profile_root/logs/server_name/systemout.log.

The root ID used to start Websphere Application Server can not find the Java system pref file.",0,0.25531914893617025,1,1.0,0.31724250316619873
unsloth/Qwen2.5-7B-Instruct-bnb-4bit,"Load SPSS 25 on a new computer

I purchased SPSS 25 with a 12 month license on Jan 27. I loaded it and used it on my MacBook Pro. I now have a new MacBookPro. I was able to download the program but get a message that says I don't have a license. I do have the activation code. Can you please help me use this product on my new computer? Thanks! ","Based on the provided context, the issue seems to be related to permissions rather than the license itself. The steps to resolve the issue would involve:

1. Close any open instances of the IBM SPSS Statistics product and the License Authorization Wizard.
2. Open Finder.
3. Go to the Utilities menu from the Go menu.
4. Open the Terminal program.
5. In the Terminal, navigate to","Type (copy/paste) the following command: 
    
    sudo chown -R root:admin 20
    
 2. Press Enter/Return. 
 3. Close Terminal. 
 4. Launch the License Authorization Wizard. 
 5. The warning message should no longer appear. 
 6. License your IBM SPSS Statistics product.",0,0.2962962962962963,1,1.0,0.3009982407093048
unsloth/Qwen2.5-7B-Instruct-bnb-4bit,"Are there any instructions for ulimit settings for WebSphere running on Linux?

Are there any instructions for ulimit settings for WebSphere running on Linux? ","Yes, this document provides guidelines for setting ulimits for WebSphere Application Server on UNIX and Linux operating systems. I don't know if it includes specific instructions, but it does cover the general topic of configuring ulimits for WebSphere. The document mentions that tuning ulimits can help overcome issues like ""Too Many Open Files"" and other related errors. It also explains the difference between soft and hard limits",WebSphere Application Server Support recommends setting the ulimit -u or nproc to a value of 131072 when running on Linux to safely account for all the forked threads within processes that could be created.,0,0.22727272727272727,1,1.0,0.3925006687641144
unsloth/Qwen2.5-7B-Instruct-bnb-4bit,"Can I apply a TIP 2.2 fix pack directly to a TIP 2.1 installation?

Can I apply a TIP 2.2 fix pack directly to a TIP 2.1 installation? ","No, you cannot apply a TIP 2.2 fix pack directly to a TIP 2.1 installation. You must first upgrade the TIP 2.1 installation to TIP 2.2 using the TIP 2.2.0.1 feature pack before applying any TIP 2.2 fix packs. I don't know. \[This response is","In order to apply TIP 2.2 fix packs, the target TIP installation must already be at TIPCore 2.2.0 or newer. TIP 2.1 installations must be upgraded to TIP 2.2 using the TIP 2.2.0.1 feature pack.",0,0.42105263157894735,1,0.4723999500274658,0.6216784119606018
unsloth/Qwen2.5-7B-Instruct-bnb-4bit,"NMA agent installation failure



Hello, I'm trying to install the NMA agent from ITM for Virtual Environment package on a Linux x86-64. The preferred method would be remote install, but I'm not even able to perform tamcd addbundles as it complains about missing prerequisites.

If I try to install the agent locally on the Linux machine, the list of available agents does not include NMA agent at all.

Is there a solution to this problem?","Yes, there is a solution to this problem. According to the context, an APAR (AParatus) named IV84919 has been opened to fix the issues related to the installation of the NMA agent on Linux x86-64. Therefore, the problem should be resolved in future updates or patches. I recommend keeping your software up-to-date to benefit from these","The issues should be corrected at Installer level, APAR IV84919 has been opened to fix them. 

Anyway, since the correction involves the installation component, it will not be available until next release, when the Installation package will be built again.",0,0.2962962962962963,1,1.0,0.4009985327720642
unsloth/Qwen2.5-7B-Instruct-bnb-4bit,"Help with Action required for IIB V9 & WMB V8 Hypervisor Editions  for security vulnerabilities in Red Hat Linux



I need to understand details regarding Action required for IBM Integration Bus Hypervisor Edition V9.0 and WebSphere Message Broker Hypervisor Edition V8.0 for security vulnerabilities in Red Hat Linux.

Where can I find this information?","You can find the information about the action required for IBM Integration Bus Hypervisor Edition V9.0 and WebSphere Message Broker Hypervisor Edition V8.0 for security vulnerabilities in Red Hat Linux in the provided context. The text states that IBM strongly recommends contacting Red Hat to obtain and install fixes for Red Hat Enterprise Linux (RHEL) Server 6.2, as applicable. I don't",WebSphere Message Broker Hypervisor Edition,1,0.19607843137254902,1,1.0,0.41302061080932617
unsloth/Qwen2.5-7B-Instruct-bnb-4bit,"What can be done about ""Too many open files"" messages in the DASH systemOut?

What can be done about ""Too many open files"" messages in the DASH systemOut log? ","I don't know. The context provided does not mention DASH or any specific actions related to the DASH systemOut log. It discusses general troubleshooting steps for the ""Too many open files"" error across different operating systems, but does not provide information specific to DASH. Therefore, based on the given information, I cannot provide a specific action for DASH. I would need more context or details","The command ulimit -Xa will display all current settings that are set for the current login session, where X represents the hard (H) or soft (S) limits to be displayed. By default, if no value is supplied for X, soft limits will be displayed. However if a process is already running, it may have a different ulimit configurations than the current shell that you run the ulimit -a command in.",0,0.13999999999999999,1,1.0,0.33098751306533813
unsloth/Qwen2.5-7B-Instruct-bnb-4bit,"Does Portal 6.1.x support Oracle 12c?



We are running Portal Server v6.1.0.6 and I need to know what the newest version of Oracle that is supported with the WPS 6.1.0.6?

Specifically, if Oracle 12c is not supported, what version of Oracle 11g is?","I don't know. The provided context does not mention any specific support for Oracle versions with IBM WebSphere Portal V6.1.0.5 or V6.1.5.2. It only discusses AIX and other operating systems. To determine the supported Oracle version for IBM WebSphere Portal V6.1.0.6, additional documentation or support resources would be needed.",Oracle 11gR2 V11.2.0.1 (including RAC),0,0.04347826086956522,1,1.0,0.2493031620979309
unsloth/Qwen2.5-7B-Instruct-bnb-4bit,"Why does the transaction time out when I try to delete a virtual portal?

Transaction timeout occurs when I try to delete a virtual portal. Managed pages is enabled.   Why?","With the introduction of Managed Pages in WebSphere Portal 8.0, virtual portal deletions require more transaction time when removing from the system. This increased transaction time can lead to an error situation if either of the following timeouts is exceeded: the total and/or maximum transaction lifetime timeout value(s) for the server or the WCM component's transaction timeout. I don't know. The context provided does","With the introduction of Managed Pages in WebSphere Portal 8.0, virtual portal deletions require more transaction time when removing from the system. This increased transaction time can lead to an error situation if either of the following timeouts is exceeded: 

 * the total and/or maximum transaction lifetime timeout value(s) for the server 
 * the WCM component's transaction timeout",0,0.9072164948453608,1,1.0,0.39534157514572144
unsloth/Qwen2.5-7B-Instruct-bnb-4bit,"i cannot enter SPSS statistics trial program



I've downloaded the 14-days trial of SPSS subscription for 32bit, windows. After opening the program I'm asked to login and after entering my username and password a blank page comes up. And there is no way to proceed from here. I already saw previous answers about SPSS trial Login error, and there is a link(https://ibm.box.com/s/huaafbjzabkyblh47n7g4l0o4gxp4zdy) to download the zip file of 'jxbrowser'. But i cannot enter the link, and the webpage says ""probably the address was changed or deleted.""

i'm using Windows 7(32bit), and just want to know how can i resolve it.
","I don't know. The provided context does not match the scenario described in the question. The context is related to IBM SPSS Statistics on a Mac OS, while the question is about a Windows 7 (32-bit) user having issues with the SPSS trial program login. There is no information given that would help resolve the specific issue mentioned in the question. Therefore, based on the given","The most likely cause of this issue is installation of the 32bit IBM SPSS Statistics Subscription software on a 64bit machine. To fix the issue, please uninstall the 32bit and download and install the 64bit application from your Products & Services window on IBM.com. If you find that this does not resolve your issue, you have a new issue. Please open a Service Request using the Client Support Portal: http://ibm.biz/IBMClientSuccessPortal",0,0.25490196078431376,1,1.0,0.31145623326301575
unsloth/Qwen2.5-7B-Instruct-bnb-4bit,"HATS Plugin Download



Hi

I have RDZ 9.0 and want to install the HATS plugin.

I've downloaded from this link:

http://www.ibm.com/developerworks/downloads/ws/whats/

HATS 9.0.0.0 but it won't install because RDZ itself is not enough and it sais I need one of the following:

IBM Rational Application Developer for WebSphere Software

IBM Rational Software Architect for WebSphere Software

IBM Rational Developer for i for SOA Construction

IBM Rational Business Developer

IBM Integration Developer

which I don't have.

Where can I download the HATS version that is compatible with RDZ 9.0 and doesn't need anything else?","I don't know. The context provided is about installing IBM Rational Asset Analyzer (RAA) on IBM Rational Developer for System z (RDz) and does not contain information about installing HATS or its compatibility with RDZ 9.0. Therefore, there is no relevant information to answer the question about where to download a compatible HATS version.","For installation instructions, see Installing HATS [http://pic.dhe.ibm.com/infocenter/hatshelp/v90/topic/com.ibm.hats.doc/doc/gsinstal.htm] in the Rational Host Access Transformation Services (HATS) V9.0 Information Center.",0,0.1935483870967742,1,1.0,0.2508637011051178
unsloth/Qwen2.5-7B-Instruct-bnb-4bit,"How do I transfer my SPSS 24 license key to a new computer?

I need to transfer my SPSS 24 license key to a new computer. I was able to download IBM® SPSS® Statistics Standard GradPack 24 for Windows (12-Mo Rental) onto the new computer, but every time I put in the activation code, I am met with this error message: 

Authorization failed.: You are not allowed to generate any more new licenses.
End Of Transaction. 
No additional authorizations are permitted on this code. 
What should I do?","I don't know. The provided context does not contain information about transferring SPSS 24 license keys or resolving the specific authorization failure error message you encountered. The context focuses on troubleshooting issues related to licensing IBM SPSS Statistics products on Mac OS, which is different from your query about transferring a license key to a new computer and the authorization failure error. Therefore, based on the given information, I","For installation & licensing issues on Student version and Graduate pack, contact your vendor.",0,0.1492537313432836,0,1.0,0.32988977432250977
unsloth/Qwen2.5-7B-Instruct-bnb-4bit,"Where can I find the ITM VMware VI Agent Reports package for v 7.2?



I am only able to find ver 6x reports. My initial search for the v7.2 reports took me to this link but it does not have v 7.2:

https://www.ibm.com/developerworks/community/wikis/home?lang=en#!/wiki/W22ac5f3ebabf_4ff4_bd55_1a897c9a443e/page/Report%20Catalog
",I don't know. The provided context does not contain any information about where to download or find the IBM Tivoli Monitoring for Virtual Environments: VMware VI Agent Reports package for version 7.2. The context only describes an interim fix for that version but does not provide a download link or location.,"Download RELEASE DATE LANGUAGE SIZE(Bytes) Download Options 
What is Fix Central(FC)? [https://www.ibm.com/support/fixcentral/help?page=swfaqs] 7.2.0.2-TIV-ITM_VMWVI_RPT-IF0001 23 Jan 2015 English 53552332 FC",0,0.06779661016949154,1,0.09467452764511108,0.7239303290843964
unsloth/Qwen2.5-7B-Instruct-bnb-4bit,"Why are we not able to create new pages using the Manage Pages Portlet?

We are using Portal 8.5 on Windows,

From WebSphere Portal Administration console. we go to ‘Manage Pages’- > Select ‘Content root’ item from table -> ‘New Page’ button, after entering the new page details and hitting OK we receive following error:

EJPAS0017E: Unable to create PageName

The error in SystemOut.log shows:

     DefaultTransa E   Message: Could not save object in repository.,
     Cause: javax.jcr.RepositoryException: RT0002E: Error while calling a function createItems of PLS data manager
     com.ibm.workplace.wcm.services.repository.RepositoryException:
     Message: Could not save object in repository., Cause: javax.jcr.RepositoryException: RT0002E: Error while calling a function createItems of PLS data manager
     ...
     
     Caused by: com.ibm.icm.da.DBAccessException:
     java.sql.SQLFeatureNotSupportedException: DSRA1300E: Feature is not implemented: PreparedStatement.setBinaryStream
      at com.ibm.icm.da.portable.data.WideTableData.changeItems(WideTableData.java:857)","We are not able to create new pages using the Manage Pages Portlet because the JDBC driver being used does not meet the prerequisites for WebSphere Portal v8, leading to a `javax.jcr.RepositoryException` when attempting to call the `createItems` function of the PLS data manager. This results in a failure to save objects in the repository and ultimately prevents the creation of new pages. I",The JDBC driver does not meet WebSphere Portal v8's prerequisites.,0,0.27118644067796605,1,1.0,0.4242151379585266
unsloth/Qwen2.5-7B-Instruct-bnb-4bit,"Help with Security Bulletin: Apache Commons FileUpload Vulnerabilities in IBM WebSphere MQ File Transfer Edition component (CVE-2016-1000031)

I need to understand details regarding Security Bulletin: Apache Commons FileUpload Vulnerabilities in IBM WebSphere MQ File Transfer Edition component (CVE-2016-1000031). ","The DiskFileItem class in Apache Commons FileUpload before version 1.3.3, used in IBM WebSphere MQ File Transfer Edition, particularly the Web Gateway component, could allow remote attackers to execute arbitrary code under the context of the current process, leading to undefined behavior. This vulnerability is described as allowing deserialization of untrusted data in the DiskFileItem class of the FileUpload library,","CVEID:CVE-2016-1000031 [http://cve.mitre.org/cgi-bin/cvename.cgi?name=CVE-2016-1000031]
DESCRIPTION:Apache Commons FileUpload, used in IBM WebSphere MQ File Transfer Edition, could allow deserialization of untrusted data in the DiskFileItem class of the FileUpload library. A remote attacker could exploit this vulnerability to execute arbitrary code under the context of the current process.
CVSS Base Score: 9.8
CVSS Temporal Score: Seehttps://exchange.xforce.ibmcloud.com/vulnerabilities/117957 [https://exchange.xforce.ibmcloud.com/vulnerabilities/117957]for the current score
CVSS Environmental Score*: Undefined
CVSS Vector: (CVSS:3.0/AV:N/AC:L/PR:N/UI:N/S:U/C:H/I:H/A:H)",0,0.6122448979591838,1,1.0,0.4055941104888916
unsloth/Qwen2.5-7B-Instruct-bnb-4bit,"TWS / DWC and WebSphere 8.5.5.4+

WebSphere for TWS & DWC were upgraded to 8.5.5.4 on most servers in a particular environment. However, any TWS servers that still had 8.5.5.2, could no longer be seen by the new DWC / WAS 8.5.5.4 servers. Those lower WAS version engines could not be added to the DWC.

Errors seen are:

     AWSUI0833E The operation could not be completed. There has been a communication failure. 
     The internal message is: AWSJCO005E WebSphere Application Server has given the following error: Error getting WsnNameService properties. 

What is the reason?","I don't know. The provided context does not contain information related to the specific issue described about TWS servers and DWC servers with different WebSphere versions. The context discusses compatibility issues with Java versions and IBM Business Process Manager/Business Monitor versions but does not address network or communication failures between TWS and DWC servers. Therefore, based on the given information, I cannot provide a reason for the described errors",DWC 9.3 is packaged with WAS 8.5.5.4 and due to known vulnerabilities has SSLV3 disabled. However TWS 9.2 and earlier versions use SSLv3 by default and so the DWC 9.3 cannot connect,0,0.2,1,1.0,0.3214149475097656
unsloth/Qwen2.5-7B-Instruct-bnb-4bit,"Does DataPower support SHA-2?

Is DataPower able to support SHA-2 ?","Yes, DataPower supports SHA-2, as it can validate certificates signed with SHA-256, which is part of the SHA-2 family. I don't know. 

The context does not explicitly state that DataPower supports SHA-2 in general, but it does indicate that DataPower can validate certificates signed with SHA-256, which is a member of the SHA-","Yes, if a Certificate Authority(CA) signs a certificate using SHA2(SHA-256), IBM Websphere DataPower SOA Appliance can validate CA's signature on the certificate while building trust chain from the DataPower ValCred.",0,0.19999999999999998,1,0.06482434272766113,0.7143578827381134
unsloth/Qwen2.5-7B-Instruct-bnb-4bit,"Request fails with ""non idempotent request method - RFC 2616 sec 10.3. ""

When a request is routed through DataPower and a redirect is done on a POST, the redirect will fail in DataPower and we can expect the following message to be logged in the error message: ""non idempotent request method - RFC 2616 sec 10.3.""  How do I solve the problem?",I don't know. The context provided does not contain a solution or method to resolve the issue. It only describes the problem and symptoms related to it.,"To resolve the issue, the IBM WebSphere DataPower SOA appliance web application firewall can be configured to handle these ""302 Redirects"".",0,0.13953488372093023,1,1.0,0.368463933467865
unsloth/Qwen2.5-7B-Instruct-bnb-4bit,"Scheduled reports fail after changing password

Scheduled reports fail after changing password","I don't know. The context does not mention anything about scheduled reports failing after changing password. It only discusses issues with reports being stuck in a pending state and the steps to resolve it. There is no information about how changing passwords affects scheduled reports. Therefore, based on the given context, I cannot provide an answer to this specific question. The context does not contain relevant information to address the scenario where","For IBM Cognos Business Intelligence(BI) deployments that do not implement a single sign-on (SSO) solution, stored credentials used for running scheduled activities can be automatically updated. When a user logs into the IBM Cognos BI application with a user name and password, the trusted credential used to run schedules when not logged in will be refreshed as well. This removes the burden from the end user of having to remember to manually refresh their trusted credentials and may eliminate failed activities caused by changed or expired user credentials.
The credential refresh behaviour is controlled by the Security > Authentication > Automatically renew trusted credential setting in Cognos Configuration.",0,0.15037593984962408,1,0.1174321174621582,0.6598803550004959
unsloth/Qwen2.5-7B-Instruct-bnb-4bit,"ITNM 4.2 Fix Pack 3 link and build number?.

ITNM 4.2 FP3 is available, if yes then where we can download?. ",I don't know. The provided context does not contain information about ITNM 4.2 Fix Pack 3 or its availability or download location. It only discusses compatibility of WebSphere DataPower virtual edition fix packs.,http://www.ibm.com/support/knowledgecenter/en/SSSHRK_4.2.0/itnm/ip/wip/relnotes/reference/nmip_rn.html?view=kc#relnotes__description,0,0.0,0,1.0,0.22886954247951508
unsloth/Qwen2.5-7B-Instruct-bnb-4bit,"How can multiple TDWC users logon into TDWC with same TWS user id?



Given that one TDWC user is already accessing TDWC and a second TDWC user using the same logon id wants to logon to TDWC sees the following error:

Another user is currently logged in with the same user ID. Select from the following options:

    List item

Log out the other user with the same user ID. You can recover changes made during the other user's session.

    List item

Return to the Login page and enter a different user ID.

How can multiple users logon without one user needing to logout?","I don't know. The provided context does not contain information about how to allow multiple users to log in simultaneously using the same user ID without one user needing to log out. It only discusses the issues and limitations when the same user ID is logged in multiple times. For specific implementation details, contacting IBM Services or consulting their documentation would be necessary.","Only TIP version 2.1 and higher support multiple logins using same user Id. 

Follow below steps to configure Tivoli Integrated Portal to allow multiple users to log in using the same user Id and password. 

1. Log in as an administrative user. 

2. Navigate to: 

tip_home_dir/profiles/TIPProfile/config/cells/TIPCell/applications/isc.ear/deployments/isc/isclite.war/WEB-INF/ 

3. Edit consoleProperties.xml. 

4. Locate the property with a id attribute of ENABLE.CONCURRENT.LOGIN and set its value to true. 

5. Save the file and exit from the text editor. 

6. Restart TIP server.",0,0.2300884955752212,1,1.0,0.26280903816223145
unsloth/Qwen2.5-7B-Instruct-bnb-4bit,"We want to backout the Cognos component of Business Monitor to a previous version. What do we have to take care of?

We want to backout the Cognos component of Business Monitor to a previous version. What do we have to take care of? ","When backing out the Cognos component of Business Monitor to a previous version, you should take care to ensure that you have a proper backup of the current state, including any modifications made by the Fix Pack or Interim Fix. You should also check for any subsequent interim fixes that might have been applied after the one you wish to remove, as they may contain overlapping changes. Additionally, you need to","Stop the Cognos service and ensure that Cognos Configuration is not running. 
 2. When setting up the configuration of a newly installed Cognos BI environment, it is important to note that if you configure the new installation against the original content store, it is permanently upgraded to the new version and can no longer be used in the original environment. As a result, always create a backup of the content store prior to upgrading.
    If a roll back to the original version is required, you can simply restore the backup. However, any work done after the content store has been upgraded (reports, models, security, etc...) to the new version will be lost, as all of this information is saved in the content store.
    If you try to revert back to an earlier environment configured against the upgraded content store, you will get an error similar to the one below:
    CM-CFG-5027 Unable to upgrade the content store to the to the version N that is compatible with this version of Content Manager. The current version of the content store is M. 
 3. Also, please refer to the notes on the fix pack which would include perquisites on Backup/Restore of content store and also other requirements. 
 4. For versions 8 - 10.2.1: In the <cognos_install>/uninstall/backup directory there will be a list of date stamped folders with the applied fix packs and/or interim fixes. 
    For versions 10.2.1 FP1 and above: This is stored in the <cognos_install>/bkp directory 
 5. Go into the folders and check the cmplst.txt file and check for the correct version to revert to. 
 6. Once the correct version is found, copy the contents of the whole folder and paste it at the <cognos_install> level, which will overwrite the files applied by fix pack or interim fix update. 
 7. Start the Cognos service.",0,0.23148148148148145,1,1.0,0.2940564453601837
unsloth/Qwen2.5-7B-Instruct-bnb-4bit,"How to remove the default -Xcompressedrefs from my WebSphere Application Server

My understanding is that for performance reasons, the WebSphere Application server on 64bit JVMs is, by default, using compressed references (-Xcompressedrefs). Due to native OutOfMemory error, I would like to remove that default, so there is no such limitation imposed on my native memory size. ","To remove the default -Xcompressedrefs from your WebSphere Application Server, you need to modify the JVM startup parameters. Specifically, you should remove or comment out the -Xcompressedrefs option from the JVM arguments. This will disable the use of compressed references, allowing the JVM to use the full 64-bit address space for object pointers, which may help avoid native out-of-memory errors.
I","To avoid this problem, the generic JVM argument [http://www-01.ibm.com/support/docview.wss?uid=swg21417365] -Xgc:preferredHeapBase=<address> [http://publib.boulder.ibm.com/infocenter/javasdk/v6r0/topic/com.ibm.java.doc.diagnostics.60/diag/understanding/mm_compressed_references.html] can be used to ensure the Java heap is allocated above the 4GB address space. This will leave more room for the Class Pointer and Monitor/Lock memory.",0,0.20253164556962025,1,1.0,0.3353496491909027
unsloth/Qwen2.5-7B-Instruct-bnb-4bit,"Is it recommended to use symbolic links when installing Omnibus 8.1 fixpacks?

Is it recommended to use symbolic links when installing Omnibus 8.1 fixpacks?","I don't know. The provided context does not mention Omnibus 8.1 or fixpacks specifically. It only discusses IBM Installation Manager and its behavior with symbolic links. Therefore, there is no information given to answer this question.",You install IBM Installation Manager by using symbolic links at the root level for the agent data location or the installation location or for both locations and after a system change or system restart you cannot start Installation Manager or you cannot use Installation Manager to update or uninstall products.,0,0.2318840579710145,1,1.0,0.25651878118515015
unsloth/Qwen2.5-7B-Instruct-bnb-4bit,"Security Bulletin: IBM MQ Appliance is affected by a Network Security Services (NSS) vulnerability (CVE-2017-5461)

I need to understand details regarding Security Bulletin: IBM MQ Appliance is affected by a Network Security Services (NSS) vulnerability (CVE-2017-5461). Where can I find this information?",I don't know. The provided context does not contain information about CVE-2017-5461. It only discusses CVE-2017-7805.,"CVEID:CVE-2017-5461 [http://cve.mitre.org/cgi-bin/cvename.cgi?name=CVE-2017-5461]
DESCRIPTION:Mozilla Firefox could allow a remote attacker to execute arbitrary code on the system, caused by an out-of-bounds write during Base64 decoding operation in the Network Security Services (NSS) library. By persuading a user to visit a specially-crafted website, a remote attacker could exploit this vulnerability using unknown attack vectors to execute arbitrary code on the vulnerable system or cause a denial of service.
CVSS Base Score: 8.8
CVSS Temporal Score: Seehttps://exchange.xforce.ibmcloud.com/vulnerabilities/125002 [https://exchange.xforce.ibmcloud.com/vulnerabilities/125002]for the current score
CVSS Environmental Score*: Undefined
CVSS Vector: (CVSS:3.0/AV:N/AC:L/PR:N/UI:R/S:U/C:H/I:H/A:H)",0,0.025,1,1.0,0.3519403338432312
unsloth/Qwen2.5-7B-Instruct-bnb-4bit,"Non-admin users cannot access webDAV filestore. What is the likely reason?

A non-admin user trying to access the webDAV filestore is unable to do so and they see the below exception in the portal logs:
Caused by: com.ibm.icm.da.DBAccessException: User id can not be null at com.ibm.icm.da.portable.connection.Logon.logon(Logon.java:159) at com.ibm.icm.da.portable.connection.ConnectionManager.logon(ConnectionManager.java:45) ","I don't know. The provided context does not mention anything about webDAV filestore or non-admin user access issues. It only discusses JCR login exceptions and policy service issues related to Portal pages. Therefore, based on the given information, I cannot determine the reason for non-admin users being unable to access a webDAV filestore.","Create/update the store.puma_default.user.fbadefault.filter custom property for the WP PumaStoreService Resource Environment Provider via the Integrated Solutions Console to an attribute that exists for all Portal users in the backend user registry (for example, ""cn"").",0,0.15789473684210528,1,1.0,0.27387356758117676
unsloth/Qwen2.5-7B-Instruct-bnb-4bit,"What is the equivalent of the .LG0 file for the OS agent - A4 - on i5 systems?

What is the equivalent of the .LG0 file for the OS agent - A4 - on i5 systems? ",I don't know. The provided context does not mention any .LG0 file or its equivalent for the OS agent - A4 on i5 systems. It only describes the process for removing a failed installation of the ITM i5/OS agent.,"The pdcollect tool for the IBM i OS agent allows you to easily and quickly collect the most commonly used information from an IBM i system for IBM Support to investigate a problem. The tool gathers log files, configuration information, version information, job information, message queue information, and basic system information.",0,0.16666666666666669,1,1.0,0.19596777856349945
unsloth/Qwen2.5-7B-Instruct-bnb-4bit,"Authorization code missing for SPSS 25?

I purchased the IBM SPSS from Amazon, and I do not know where to locate the authorization code of license code/key. Can anyone help me? ",I don't know. The provided context does not contain information about locating an authorization code after purchasing IBM SPSS from Amazon. It only provides guidance on ensuring the authorization code matches the product and version. I suggest reaching out to IBM's support for assistance with locating your specific authorization code. [https://developer.ibm.com/predictiveanalytics/get-help/] [https://developer.ibm.com/answers/topics/stat,"For installation & licensing issues on Student version and Graduate pack, contact your vendor.",0,0.13559322033898305,0,1.0,0.3559696674346924
unsloth/Qwen2.5-7B-Instruct-bnb-4bit,"Unable to add the document using content Navigator. We are getting the following error code. CIWEB1158.

The user is unable to add the document using content Navigator. We are getting the following error code. CIWEB1158. ","I don't know. 

The provided context does not mention the error code CIWEB1158. The error described in the context is FNRCE0001E with the message ""E_ACCESS_DENIED"". The context suggests that the issue is related to the user not having the necessary Create_Instance rights on specific classes. Therefore, based on the given information, there is no direct correlation",User does not have Create_Instance right on the security permission of the ReferentialContainmentRelationship and DynamicReferentialContainmentRelationship classes and cannot create these objects when adding documents.,0,0.19354838709677416,1,1.0,0.24318689107894897
unsloth/Qwen2.5-7B-Instruct-bnb-4bit,"Does Linux KVM monitoring agent support CANDLEDATA function?

Does Linux KVM monitoring agent in ITM support CANDLEDATA function? ","I don't know. The provided context does not contain any information about Linux KVM monitoring agent or CANDLEDATA function. The context only discusses IBM Tivoli Monitoring for Virtual Environments: VMware VI Agent TCR Reports version 7.2 Fix Pack 2. Therefore, based on the given information, it is not possible to determine if the Linux KVM monitoring agent supports the C",The CANDLEDATA mechanism is available with ITM 6.30.05.00.,0,0.10714285714285714,0,1.0,0.17195507884025574
unsloth/Qwen2.5-7B-Instruct-bnb-4bit,"Help with Security Bulletin: Malicious File Download vulnerability in IBM Business Process Manager (BPM) and WebSphere Lombardi Edition (WLE) - CVE-2016-9693

Where can I find information for Security bulletin: Malicious File Download vulnerability in IBM Business Process Manager (BPM) and WebSphere Lombardi Edition (WLE) - CVE-2016-9693? ",You can find more information about this security bulletin at the following link: [http://cve.mitre.org/cgi-bin/cvename.cgi?name=CVE-2016-9693](http://cve.mitre.org/cgi-bin/cvename.cgi?name=CVE-2016-9693) and on IBM's X-Force Exchange page,"CVEID:CVE-2016-9693 [http://cve.mitre.org/cgi-bin/cvename.cgi?name=CVE-2016-9693]
DESCRIPTION:IBM Business Process Manager has a file download capability that is vulnerable to a set of attacks. Ultimately, an attacker can cause an unauthenticated victim to download a malicious payload. An existing file type restriction can be bypassed so that the payload might be considered executable and cause damage on the victim's machine.
CVSS Base Score: 7.1
CVSS Temporal Score: Seehttps://exchange.xforce.ibmcloud.com/vulnerabilities/119517 [https://exchange.xforce.ibmcloud.com/vulnerabilities/119517]for the current score
CVSS Environmental Score*: Undefined
CVSS Vector: (CVSS:3.0/AV:N/AC:L/PR:N/UI:R/S:C/C:L/I:L/A:L)",0,0.10389610389610389,1,1.0,0.39800384640693665
unsloth/Qwen2.5-7B-Instruct-bnb-4bit,"How to change the maximun string length for properties in ACCE



HI I am trying to change the maximum string length in ACCE like we will do in FEM but in the more Tab I am not seeing the option

Please guide me","In ACCE, to change the maximum string length for properties, you need to follow these steps:

1. Launch ACCE.
2. Expand the object stores folder and click the object store to open the Object Store tab.
3. Expand the Data Design folder and Classes folder. Click the document class to open the Document Class tab.
4. From the Properties tab, open the Property Definitions drop-down","Follow the below steps to update the property definition properties on ACCE: 




 1. Launch ACCE 
 2. Expand the object stores folder and click the object store to open the Object store tab 
 3. Expand the Data Design folder and Classes folder. Click the document class to open Document Class tab 
 4. From Properties tab, open Property Definitions drop down and select the property definition you want to modify 
 5. ACCE will open that property definition in a new Properties tab 
 6. Modify the property definition as required 
 7. Go back to the Class Definition tab and click Save",0,0.6041666666666667,1,1.0,0.22206875681877136
unsloth/Qwen2.5-7B-Instruct-bnb-4bit,"Help with Security Bulletin: A security vulnerability has been identified in WebSphere Application Server shipped with WSRR (CVE-2017-1731)

I need to understand details regarding Security Bulletin: Vulnerability identified in IBM WebSphere Application Server shipped with IBM WebSphere Service Registry and Repository (CVE-2017-1741). We are running WAS traditional V8.5.  What is the recommended fix?","I don't know. The provided context does not contain information about CVE-2017-1741 or any specific fixes for vulnerabilities in IBM WebSphere Application Server V8.5. The context only mentions vulnerabilities in IBM SDK Java Technology Edition and their relation to WebSphere products, but it does not provide details on a specific vulnerability with that exact CVE ID or the recommended fix for","· Upgrade to a minimal fix pack levels as required by interim fix and then apply Interim Fix PI89498 [http://www-01.ibm.com/support/docview.wss?uid=swg24044512] 
--OR-- 
· Apply Fix Pack 8.0.0.15 or later.",0,0.14285714285714285,1,1.0,0.4081258773803711
unsloth/mistral-7b-instruct-v0.3-bnb-4bit,"User environment variables no longer getting picked up after upgrade to 4.1.1.1 or 4.1.1.2?



Have you found that after upgrade to Streams 4.1.1.1 or 4.1.1.2, that environment variables set in your .bashrc are no longer being set? For example ODBCINI is not set for the database toolkit and you get

     An SQL operation failed. The SQL state is 08003, the SQL code
     is 0 and the SQL message is [unixODBC][Driver
     Manager]Connnection does not exist.
","Yes, it seems that after upgrading to Streams 4.1.1.1 or 4.1.1.2, environment variables set in the .bashrc are no longer being picked up when Streams is run as a system service. To work around this issue, you can set the environment variables directly in the instance using the streamtool setproperty command.","To work around the issue, set environment variables that are needed by the application directly in the instance with:  * 
   
 * streamtool setproperty
 * -d <domain> -i <instance>
   --application-ev <VARIABLE NAME>=<VARIABLE VALUE>",0,0.4285714285714286,1,1.0,0.3923449218273163
unsloth/mistral-7b-instruct-v0.3-bnb-4bit,"Netcool/Impact (all versions): How is the Exit() action function expected to work with User Defined Functions?

Netcool/Impact (all versions)

Using the Exit() action function within a User Defined Function in a Policy will not exit the Policy process.","The Exit() action function in a User Defined Function will only exit the immediate scope of the function. To exit the Policy process, one would have to set a variable that is then tested immediately after the User Defined Function call.

Reference(s):
Title: Event Flagging with Go_NoGo checking
Link: https://www.ibm.com/support/",This is because the Exit() parser function in IPL is designed to exit the immediate scope. To carry the action outside of the User Defined Function to the Policy level one would have to set a variable that is then tested immediately after the User Defined Function call,0,0.6575342465753424,1,1.0,0.39149606227874756
unsloth/mistral-7b-instruct-v0.3-bnb-4bit,"How to configure SSL mutual authentication in IBM HTTP Server?



We are running IHS v7 and our application team has a specific webservice that they require SSL mutual authentication to be enabled for at the http server. Does anyone know how to set this up on IHS? Or any documentation?

Thanks
",I don't know. The provided context does not contain information about configuring SSL mutual authentication in IBM HTTP Server. You may want to refer to the IBM HTTP Server documentation or consult IBM support for more information.,"The following steps help guide you through the proper set up of SSL within the IBM HTTP Server: 

 1. Confirm that the Global Security Kit (GSKit) is installed and meets the minimum requirements
    
    
 2. Create a key database file and certificates needed to authenticate the Web server during an SSL handshake
    
    
 3. Enable SSL directives within the IBM HTTP Server configuration file (httpd.conf)
    
    
 4. Other considerations when enabling SSL directives within the IBM HTTP Server configuration file (httpd.conf)
    
    
 5. Information that IBM WebSphere® Support needs to debug SSL configuration and certificate issues related to the IBM HTTP Server",0,0.1894736842105263,1,1.0,0.3282923400402069
unsloth/mistral-7b-instruct-v0.3-bnb-4bit,"What happened to load.rules FAQ example?

The load.rules maths function example rules file does not appear to be available anymore? ",I don't know. The provided context does not contain information about the load.rules FAQ example.,Netcool Technical Support Guide to rules file processing is provided as a collection of commonly used rules file techniques.,0,0.06451612903225808,1,1.0,0.25767070055007935
unsloth/mistral-7b-instruct-v0.3-bnb-4bit,"Is ITNM exposed to Apache CXF vulnerability (CVE-2017-3156)?

Is ITNM versions are affected by Apache CXF vulnerability (CVE-2017-3156), If yes then what are all the version will be affected and where I can find the details?","Yes, Tivoli Network Manager IP Edition versions 4.1.1 and 4.2.0 are affected by Apache CXF vulnerability (CVE-2017-3156). The details can be found in the provided context.","CVEID: CVE-2017-3156 [http://cve.mitre.org/cgi-bin/cvename.cgi?name=CVE-2017-3156]
DESCRIPTION: Apache CXF could provide weaker than expected security, caused by the failure to use the OAuth2 Hawk and JOSE MAC Validation code. A remote attacker could exploit this vulnerability using timing attacks to obtain sensitive information.
CVSS Base Score: 5.9
CVSS Temporal Score: See https://exchange.xforce.ibmcloud.com/vulnerabilities/130249 [https://exchange.xforce.ibmcloud.com/vulnerabilities/130249] for the current score
CVSS Environmental Score*: Undefined
CVSS Vector: (CVSS:3.0/AV:N/AC:H/PR:N/UI:N/S:U/C:H/I:N/A:N)",0,0.15384615384615385,1,1.0,0.25029605627059937
unsloth/mistral-7b-instruct-v0.3-bnb-4bit,"Why do I get an exception when calling MQ after migrating my BPM environment (2035 MQRC_NOT_AUTHORIZED) ?



We migrated our BPM environment from V8.0 to 8.5.7. When we attempt to call the MQ service we are getting the following exception:

     [10/16/17 13:50:05:273 AST] 0000026d SystemOut     O
     com.ibm.msg.client.jms.DetailedJMSSecurityException: JMSWMQ2013: The
     security authentication was not valid that was supplied for QueueManager
     'QM1' with connection mode 'Client' and host name 'MQ1(1414)'.
     Please check if the supplied username and password are correct on the
     QueueManager to which you are connecting.
     ...
     Caused by: com.ibm.mq.MQException: JMSCMQ0001: WebSphere MQ call failed
     with compcode '2' ('MQCC_FAILED') reason '2035' ('MQRC_NOT_AUTHORIZED').
      at
     com.ibm.msg.client.wmq.common.internal.Reason.createException(Reason.jav
     a:204)
      ... 162 more

The same MQ service is working fine in the old BPM environment. User name and password configured for the queue is correct. However, when we check the MQ logs, we observing the username is not used, instead the sys admin user seems to be used.","The issue might be due to the user identifier passed across the client connection from the application server to MQ is not known on the server where the MQ queue manager is running, is not authorized to connect to MQ, or is longer than 12 characters and has been truncated. It is recommended to check the user name and password configuration for the queue and ensure that the correct user is","Default component-managed authentication alias for outbound connections 

For cases where it is impractical to change the application to use container-managed security, or to change it to supply a username and password directly on the createConnection call, it is possible to supply a default. 

This default is called the ""component-managed authentication alias"" and cannot be configured via the administrative console (since WebSphere Application Server Version 7.0 when it was removed from the panels MQ connection factories). The below scripting samples show how to configure it using wsadmin: 

 * JACL:
   wsadmin>set cell [ $AdminConfig getid ""/Cell:mycell"" ]
   
   mycell(cells/mycell|cell.xml#Cell_1)
   
   wsadmin>$AdminTask listWMQConnectionFactories $cell
   
   MyCF(cells/mycell|resources.xml#MQConnectionFactory_1247500675104)
   
   wsadmin>$AdminTask modifyWMQConnectionFactory MyCF(cells/mycell|resources.xml#MQConnectionFactory_1247500675104) { -componentAuthAlias myalias }
   
   MyCF(cells/mycell|resources.xml#MQConnectionFactory_1247500675104) 
 * Jython:
   wsadmin>cell = AdminConfig.getid(""/Cell:mycell"")
   
   wsadmin>AdminTask.listWMQConnectionFactories(cell)
   
   'MyCF(cells/mycell|resources.xml#MQConnectionFactory_1247500675104)'
   
   wsadmin>AdminTask.modifyWMQConnectionFactory('MyCF(cells/mycell|resos urces.xml#MQConnectionFactory_1247500675104)', ""-componentAuthAlias myalias"")
   
   'MyCF(cells/mycell|resources.xml#MQConnectionFactory_1247500675104)'",0,0.23357664233576642,1,1.0,0.39952439069747925
unsloth/mistral-7b-instruct-v0.3-bnb-4bit,"Is the Requisite Pro (ReqPro) feature/plugin supported with a 64-bit RAD/RSA(4WS) 851+ installation

Is the Requisite Pro (ReqPro) feature/plugin supported with a 64-bit install of RAD/RSA(4WS) 851? ",I don't know. The context provided does not mention the Requisite Pro (ReqPro) feature/plugin or its compatibility with a 64-bit RAD/RSA(4WS) 851+ installation.,the Rational RequisitePro integration features/plugins are not supported or provided. These are only available as 32-bit eclipse plugins.,0,0.15384615384615383,1,1.0,0.25225090980529785
unsloth/mistral-7b-instruct-v0.3-bnb-4bit,"Unable to locate the More tab of Document class - Property definition tab - property template configuration to update Is Required setting.

Unable to locate the More tab of Document class - Property definition tab - property template configuration to update Is Required setting. Environment is running on Content Engine 5.2.0.3. ","I don't know. The provided context does not contain information about the ""More"" tab or the ""Is Required"" setting in the context of ACCE. You may need to refer to the official documentation or contact IBM support for more specific information.","Follow the below steps to update the property definition properties on ACCE: 




 1. Launch ACCE 
 2. Expand the object stores folder and click the object store to open the Object store tab 
 3. Expand the Data Design folder and Classes folder. Click the document class to open Document Class tab 
 4. From Properties tab, open Property Definitions drop down and select the property definition you want to modify 
 5. ACCE will open that property definition in a new Properties tab 
 6. Modify the property definition as required 
 7. Go back to the Class Definition tab and click Save",0,0.11363636363636363,1,1.0,0.2687234878540039
unsloth/mistral-7b-instruct-v0.3-bnb-4bit,"managesdk.sh -listEnabledProfileAll fails with error: Couldn't get file lock.



I am installing WebGUI FP13 and it is failing with the symptoms described in below technote.

https://www-01.ibm.com/support/docview.wss?uid=swg21993160

As described in above technote when I run managesdk.sh script it fails with below errors.

./managesdk.sh -listEnabledProfileAll

Sep 26, 2018 10:14:12 AM java.util.prefs.FileSystemPreferences syncWorld

WARNING: Couldn't flush user prefs: java.util.prefs.BackingStoreException: Couldn't get file lock.

Please let me know what could be the issue?","The issue is related to the user preferences not being able to get a file lock. This is due to the non-root ID being used to start WebSphere Application Server not having a user_home directory, which prevents it from accessing the root user's ""/etc/.java/.systemPrefs"". To resolve this issue, try starting WebSphere Application Server using the ""root""","The non-root ID that is being used to start WebSphere Application Server does not have a user_home directory. Therefore this non-root ID is unable to access the root user's ""/etc/.java/.systemPrefs"". This produces the aforementioned warning messages every 30 seconds in the profile_root/logs/server_name/systemout.log.

The root ID used to start Websphere Application Server can not find the Java system pref file.",0,0.45,1,1.0,0.31724250316619873
unsloth/mistral-7b-instruct-v0.3-bnb-4bit,"Load SPSS 25 on a new computer

I purchased SPSS 25 with a 12 month license on Jan 27. I loaded it and used it on my MacBook Pro. I now have a new MacBookPro. I was able to download the program but get a message that says I don't have a license. I do have the activation code. Can you please help me use this product on my new computer? Thanks! ","To resolve the issue, follow the steps below:

1. Close the IBM SPSS Statistics product and the License Authorization Wizard if they are open.
2. Open Finder.
3. Select the 'Go' menu.
4. Select the 'Utilities' menu.
5. Open the 'Terminal' program.
6. Type (copy/paste","Type (copy/paste) the following command: 
    
    sudo chown -R root:admin 20
    
 2. Press Enter/Return. 
 3. Close Terminal. 
 4. Launch the License Authorization Wizard. 
 5. The warning message should no longer appear. 
 6. License your IBM SPSS Statistics product.",0,0.3714285714285714,1,1.0,0.3009982407093048
unsloth/mistral-7b-instruct-v0.3-bnb-4bit,"Are there any instructions for ulimit settings for WebSphere running on Linux?

Are there any instructions for ulimit settings for WebSphere running on Linux? ","Yes, there are instructions for ulimit settings for WebSphere running on Linux. The document titled ""IBM Guidelines for setting ulimits (WebSphere Application Server) - United States"" provides information on how to set ulimit values on UNIX and Linux operating systems, which is relevant for WebSphere running on Linux. The document mentions various ways to set ulimit values,",WebSphere Application Server Support recommends setting the ulimit -u or nproc to a value of 131072 when running on Linux to safely account for all the forked threads within processes that could be created.,0,0.27027027027027023,1,0.0042650699615478516,0.8903681337833405
unsloth/mistral-7b-instruct-v0.3-bnb-4bit,"Can I apply a TIP 2.2 fix pack directly to a TIP 2.1 installation?

Can I apply a TIP 2.2 fix pack directly to a TIP 2.1 installation? ","No, TIP 2.1 installations must be upgraded to TIP 2.2 using the TIP 2.2.0.1 feature pack.","In order to apply TIP 2.2 fix packs, the target TIP installation must already be at TIPCore 2.2.0 or newer. TIP 2.1 installations must be upgraded to TIP 2.2 using the TIP 2.2.0.1 feature pack.",0,0.65,1,1.0,0.3578783869743347
unsloth/mistral-7b-instruct-v0.3-bnb-4bit,"NMA agent installation failure



Hello, I'm trying to install the NMA agent from ITM for Virtual Environment package on a Linux x86-64. The preferred method would be remote install, but I'm not even able to perform tamcd addbundles as it complains about missing prerequisites.

If I try to install the agent locally on the Linux machine, the list of available agents does not include NMA agent at all.

Is there a solution to this problem?","Yes, the problem is due to wrong prerequisite levels packaged into ITM for VE 7.2.0.3 for NMA agent, and the unexpected architecture recognized by the installer when trying to install the agent on the target node, if this one is a Linux x86-64. The issues should be corrected at Installer level, APAR IV","The issues should be corrected at Installer level, APAR IV84919 has been opened to fix them. 

Anyway, since the correction involves the installation component, it will not be available until next release, when the Installation package will be built again.",0,0.28571428571428575,1,1.0,0.4009985327720642
unsloth/mistral-7b-instruct-v0.3-bnb-4bit,"Help with Action required for IIB V9 & WMB V8 Hypervisor Editions  for security vulnerabilities in Red Hat Linux



I need to understand details regarding Action required for IBM Integration Bus Hypervisor Edition V9.0 and WebSphere Message Broker Hypervisor Edition V8.0 for security vulnerabilities in Red Hat Linux.

Where can I find this information?","IBM strongly recommends that you contact Red Hat to obtain and install fixes for Red Hat Enterprise Linux (RHEL) Server 6.2, as applicable.",WebSphere Message Broker Hypervisor Edition,0,0.0,1,1.0,0.41302061080932617
unsloth/mistral-7b-instruct-v0.3-bnb-4bit,"What can be done about ""Too many open files"" messages in the DASH systemOut?

What can be done about ""Too many open files"" messages in the DASH systemOut log? ","To resolve the ""Too many open files"" messages in the DASH systemOut log, you can increase the ulimit for the number of file handles on UNIX and Linux operating systems. This can be done by configuring the ulimit, which is usually set too low by default. Increasing this ulimit to 8000 is usually sufficient for normal runtime, but this depends on","The command ulimit -Xa will display all current settings that are set for the current login session, where X represents the hard (H) or soft (S) limits to be displayed. By default, if no value is supplied for X, soft limits will be displayed. However if a process is already running, it may have a different ulimit configurations than the current shell that you run the ulimit -a command in.",0,0.1836734693877551,1,1.0,0.33098751306533813
unsloth/mistral-7b-instruct-v0.3-bnb-4bit,"Does Portal 6.1.x support Oracle 12c?



We are running Portal Server v6.1.0.6 and I need to know what the newest version of Oracle that is supported with the WPS 6.1.0.6?

Specifically, if Oracle 12c is not supported, what version of Oracle 11g is?",I don't know. The context provided does not specify the Oracle database versions supported by WebSphere Portal Server v6.1.x.,Oracle 11gR2 V11.2.0.1 (including RAC),0,0.08695652173913045,1,1.0,0.2493031620979309
unsloth/mistral-7b-instruct-v0.3-bnb-4bit,"Why does the transaction time out when I try to delete a virtual portal?

Transaction timeout occurs when I try to delete a virtual portal. Managed pages is enabled.   Why?","The transaction timeout occurs when deleting a virtual portal because with the introduction of Managed Pages in WebSphere Portal 8.0, virtual portal deletions require more transaction time when removing from the system. This increased transaction time can lead to an error situation if either the total and/or maximum transaction lifetime timeout value(s) for the server or the WCM component's transaction timeout","With the introduction of Managed Pages in WebSphere Portal 8.0, virtual portal deletions require more transaction time when removing from the system. This increased transaction time can lead to an error situation if either of the following timeouts is exceeded: 

 * the total and/or maximum transaction lifetime timeout value(s) for the server 
 * the WCM component's transaction timeout",0,0.8888888888888888,1,1.0,0.39534157514572144
unsloth/mistral-7b-instruct-v0.3-bnb-4bit,"i cannot enter SPSS statistics trial program



I've downloaded the 14-days trial of SPSS subscription for 32bit, windows. After opening the program I'm asked to login and after entering my username and password a blank page comes up. And there is no way to proceed from here. I already saw previous answers about SPSS trial Login error, and there is a link(https://ibm.box.com/s/huaafbjzabkyblh47n7g4l0o4gxp4zdy) to download the zip file of 'jxbrowser'. But i cannot enter the link, and the webpage says ""probably the address was changed or deleted.""

i'm using Windows 7(32bit), and just want to know how can i resolve it.
","I don't know. The provided context only discusses issues with licensing SPSS Statistics on Mac OS, not Windows 7. The link to download the 'jxbrowser' seems to be broken, which might be a reason for the login issue on the Windows trial version. I recommend contacting IBM Support for assistance with the Windows trial version.","The most likely cause of this issue is installation of the 32bit IBM SPSS Statistics Subscription software on a 64bit machine. To fix the issue, please uninstall the 32bit and download and install the 64bit application from your Products & Services window on IBM.com. If you find that this does not resolve your issue, you have a new issue. Please open a Service Request using the Client Support Portal: http://ibm.biz/IBMClientSuccessPortal",0,0.23655913978494625,1,1.0,0.31145623326301575
unsloth/mistral-7b-instruct-v0.3-bnb-4bit,"HATS Plugin Download



Hi

I have RDZ 9.0 and want to install the HATS plugin.

I've downloaded from this link:

http://www.ibm.com/developerworks/downloads/ws/whats/

HATS 9.0.0.0 but it won't install because RDZ itself is not enough and it sais I need one of the following:

IBM Rational Application Developer for WebSphere Software

IBM Rational Software Architect for WebSphere Software

IBM Rational Developer for i for SOA Construction

IBM Rational Business Developer

IBM Integration Developer

which I don't have.

Where can I download the HATS version that is compatible with RDZ 9.0 and doesn't need anything else?",I don't know. The provided context does not mention the HATS plugin or its compatibility with RDZ 9.0. You may need to check the IBM DeveloperWorks website or contact IBM support for more information.,"For installation instructions, see Installing HATS [http://pic.dhe.ibm.com/infocenter/hatshelp/v90/topic/com.ibm.hats.doc/doc/gsinstal.htm] in the Rational Host Access Transformation Services (HATS) V9.0 Information Center.",0,0.125,1,1.0,0.2508637011051178
unsloth/mistral-7b-instruct-v0.3-bnb-4bit,"How do I transfer my SPSS 24 license key to a new computer?

I need to transfer my SPSS 24 license key to a new computer. I was able to download IBM® SPSS® Statistics Standard GradPack 24 for Windows (12-Mo Rental) onto the new computer, but every time I put in the activation code, I am met with this error message: 

Authorization failed.: You are not allowed to generate any more new licenses.
End Of Transaction. 
No additional authorizations are permitted on this code. 
What should I do?","You should contact IBM Customer Support to request a new authorization code for your SPSS 24 license key. Since you have reached the maximum number of authorizations for your current code, a new code is required for the new computer. You can find the contact information for IBM Customer Support on the IBM Support website.","For installation & licensing issues on Student version and Graduate pack, contact your vendor.",0,0.16,0,1.0,0.32988977432250977
unsloth/mistral-7b-instruct-v0.3-bnb-4bit,"Where can I find the ITM VMware VI Agent Reports package for v 7.2?



I am only able to find ver 6x reports. My initial search for the v7.2 reports took me to this link but it does not have v 7.2:

https://www.ibm.com/developerworks/community/wikis/home?lang=en#!/wiki/W22ac5f3ebabf_4ff4_bd55_1a897c9a443e/page/Report%20Catalog
",The ITM VMware VI Agent Reports package for v 7.2 can be found in the downloadable files section of the Interim Fix for IBM Tivoli Monitoring for Virtual Environments: VMware VI 7.2.2-TIV-ITM_VMWVI_RPT-IF0001. The link provided in the question does not,"Download RELEASE DATE LANGUAGE SIZE(Bytes) Download Options 
What is Fix Central(FC)? [https://www.ibm.com/support/fixcentral/help?page=swfaqs] 7.2.0.2-TIV-ITM_VMWVI_RPT-IF0001 23 Jan 2015 English 53552332 FC",0,0.04081632653061224,1,1.0,0.2712675929069519
unsloth/mistral-7b-instruct-v0.3-bnb-4bit,"Why are we not able to create new pages using the Manage Pages Portlet?

We are using Portal 8.5 on Windows,

From WebSphere Portal Administration console. we go to ‘Manage Pages’- > Select ‘Content root’ item from table -> ‘New Page’ button, after entering the new page details and hitting OK we receive following error:

EJPAS0017E: Unable to create PageName

The error in SystemOut.log shows:

     DefaultTransa E   Message: Could not save object in repository.,
     Cause: javax.jcr.RepositoryException: RT0002E: Error while calling a function createItems of PLS data manager
     com.ibm.workplace.wcm.services.repository.RepositoryException:
     Message: Could not save object in repository., Cause: javax.jcr.RepositoryException: RT0002E: Error while calling a function createItems of PLS data manager
     ...
     
     Caused by: com.ibm.icm.da.DBAccessException:
     java.sql.SQLFeatureNotSupportedException: DSRA1300E: Feature is not implemented: PreparedStatement.setBinaryStream
      at com.ibm.icm.da.portable.data.WideTableData.changeItems(WideTableData.java:857)","The error suggests that the JDBC driver does not meet WebSphere Portal v8's prerequisites, causing the Manage Pages Portlet to fail when attempting to create new pages. The specific issue is that the JDBC driver does not support the PreparedStatement.setBinaryStream feature, which is required by WebSphere Portal v8.",The JDBC driver does not meet WebSphere Portal v8's prerequisites.,0,0.40909090909090906,1,1.0,0.4242151379585266
unsloth/mistral-7b-instruct-v0.3-bnb-4bit,"Help with Security Bulletin: Apache Commons FileUpload Vulnerabilities in IBM WebSphere MQ File Transfer Edition component (CVE-2016-1000031)

I need to understand details regarding Security Bulletin: Apache Commons FileUpload Vulnerabilities in IBM WebSphere MQ File Transfer Edition component (CVE-2016-1000031). ","The security bulletin discusses a vulnerability in the DiskFileItem class of Apache Commons FileUpload, which is used in IBM WebSphere MQ File Transfer Edition. This vulnerability could allow remote attackers to execute arbitrary code under the context of the current process, causing an undefined behavior. The vulnerability has a CVSS Base Score of 9.8. The affected products are","CVEID:CVE-2016-1000031 [http://cve.mitre.org/cgi-bin/cvename.cgi?name=CVE-2016-1000031]
DESCRIPTION:Apache Commons FileUpload, used in IBM WebSphere MQ File Transfer Edition, could allow deserialization of untrusted data in the DiskFileItem class of the FileUpload library. A remote attacker could exploit this vulnerability to execute arbitrary code under the context of the current process.
CVSS Base Score: 9.8
CVSS Temporal Score: Seehttps://exchange.xforce.ibmcloud.com/vulnerabilities/117957 [https://exchange.xforce.ibmcloud.com/vulnerabilities/117957]for the current score
CVSS Environmental Score*: Undefined
CVSS Vector: (CVSS:3.0/AV:N/AC:L/PR:N/UI:N/S:U/C:H/I:H/A:H)",0,0.6122448979591838,1,1.0,0.4055941104888916
unsloth/mistral-7b-instruct-v0.3-bnb-4bit,"TWS / DWC and WebSphere 8.5.5.4+

WebSphere for TWS & DWC were upgraded to 8.5.5.4 on most servers in a particular environment. However, any TWS servers that still had 8.5.5.2, could no longer be seen by the new DWC / WAS 8.5.5.4 servers. Those lower WAS version engines could not be added to the DWC.

Errors seen are:

     AWSUI0833E The operation could not be completed. There has been a communication failure. 
     The internal message is: AWSJCO005E WebSphere Application Server has given the following error: Error getting WsnNameService properties. 

What is the reason?","The reason is that the lower WebSphere Application Server version (8.5.5.2) is not compatible with the newer DWC/WAS 8.5.5.4 servers. To resolve this issue, it is necessary to upgrade the lower WAS version engines to a version that is compatible with the newer DWC/WAS 8.5.5.4",DWC 9.3 is packaged with WAS 8.5.5.4 and due to known vulnerabilities has SSLV3 disabled. However TWS 9.2 and earlier versions use SSLv3 by default and so the DWC 9.3 cannot connect,0,0.2222222222222222,1,1.0,0.3214149475097656
unsloth/mistral-7b-instruct-v0.3-bnb-4bit,"Does DataPower support SHA-2?

Is DataPower able to support SHA-2 ?","Yes, DataPower supports SHA-2.","Yes, if a Certificate Authority(CA) signs a certificate using SHA2(SHA-256), IBM Websphere DataPower SOA Appliance can validate CA's signature on the certificate while building trust chain from the DataPower ValCred.",0,0.13793103448275865,1,0.08687829971313477,0.7033309042453766
unsloth/mistral-7b-instruct-v0.3-bnb-4bit,"Request fails with ""non idempotent request method - RFC 2616 sec 10.3. ""

When a request is routed through DataPower and a redirect is done on a POST, the redirect will fail in DataPower and we can expect the following message to be logged in the error message: ""non idempotent request method - RFC 2616 sec 10.3.""  How do I solve the problem?","To solve the problem, you can modify the application to use a different HTTP method for the redirect, such as GET, which is idempotent according to RFC 2616 sec 10.3. Alternatively, you can configure DataPower to allow non-idempotent methods for redirects, but this may not be recommended due to security concerns.","To resolve the issue, the IBM WebSphere DataPower SOA appliance web application firewall can be configured to handle these ""302 Redirects"".",0,0.19672131147540983,1,1.0,0.368463933467865
unsloth/mistral-7b-instruct-v0.3-bnb-4bit,"Scheduled reports fail after changing password

Scheduled reports fail after changing password",The provided credentials are invalid. This issue can be resolved by dropping the NC* tables and then restoring the content or notification store from the last backup version.,"For IBM Cognos Business Intelligence(BI) deployments that do not implement a single sign-on (SSO) solution, stored credentials used for running scheduled activities can be automatically updated. When a user logs into the IBM Cognos BI application with a user name and password, the trusted credential used to run schedules when not logged in will be refreshed as well. This removes the burden from the end user of having to remember to manually refresh their trusted credentials and may eliminate failed activities caused by changed or expired user credentials.
The credential refresh behaviour is controlled by the Security > Authentication > Automatically renew trusted credential setting in Cognos Configuration.",0,0.1782178217821782,1,1.0,0.218596413731575
unsloth/mistral-7b-instruct-v0.3-bnb-4bit,"ITNM 4.2 Fix Pack 3 link and build number?.

ITNM 4.2 FP3 is available, if yes then where we can download?. ",I don't know. The context provided does not mention ITNM 4.2 Fix Pack 3.,http://www.ibm.com/support/knowledgecenter/en/SSSHRK_4.2.0/itnm/ip/wip/relnotes/reference/nmip_rn.html?view=kc#relnotes__description,0,0.0,0,1.0,0.22886954247951508
unsloth/mistral-7b-instruct-v0.3-bnb-4bit,"How can multiple TDWC users logon into TDWC with same TWS user id?



Given that one TDWC user is already accessing TDWC and a second TDWC user using the same logon id wants to logon to TDWC sees the following error:

Another user is currently logged in with the same user ID. Select from the following options:

    List item

Log out the other user with the same user ID. You can recover changes made during the other user's session.

    List item

Return to the Login page and enter a different user ID.

How can multiple users logon without one user needing to logout?","I don't know. The context provided does not discuss the specific scenario of multiple TDWC users logging in with the same TWS user id. It only mentions WebSphere Portal and potential issues with multiple logins using the same user id. For more specific information, you may need to consult the TDWC documentation or contact TDWC support.","Only TIP version 2.1 and higher support multiple logins using same user Id. 

Follow below steps to configure Tivoli Integrated Portal to allow multiple users to log in using the same user Id and password. 

1. Log in as an administrative user. 

2. Navigate to: 

tip_home_dir/profiles/TIPProfile/config/cells/TIPCell/applications/isc.ear/deployments/isc/isclite.war/WEB-INF/ 

3. Edit consoleProperties.xml. 

4. Locate the property with a id attribute of ENABLE.CONCURRENT.LOGIN and set its value to true. 

5. Save the file and exit from the text editor. 

6. Restart TIP server.",0,0.28301886792452835,1,1.0,0.26280903816223145
unsloth/mistral-7b-instruct-v0.3-bnb-4bit,"We want to backout the Cognos component of Business Monitor to a previous version. What do we have to take care of?

We want to backout the Cognos component of Business Monitor to a previous version. What do we have to take care of? ","To roll back the Cognos component of Business Monitor to a previous version, you should follow these steps:

1. Stop the Cognos service and ensure that Cognos Configuration is not running.
2. Use the backup files created during the installation of the previous version to restore the Cognos component. Note that the backup directories only contain copies of all individual files that","Stop the Cognos service and ensure that Cognos Configuration is not running. 
 2. When setting up the configuration of a newly installed Cognos BI environment, it is important to note that if you configure the new installation against the original content store, it is permanently upgraded to the new version and can no longer be used in the original environment. As a result, always create a backup of the content store prior to upgrading.
    If a roll back to the original version is required, you can simply restore the backup. However, any work done after the content store has been upgraded (reports, models, security, etc...) to the new version will be lost, as all of this information is saved in the content store.
    If you try to revert back to an earlier environment configured against the upgraded content store, you will get an error similar to the one below:
    CM-CFG-5027 Unable to upgrade the content store to the to the version N that is compatible with this version of Content Manager. The current version of the content store is M. 
 3. Also, please refer to the notes on the fix pack which would include perquisites on Backup/Restore of content store and also other requirements. 
 4. For versions 8 - 10.2.1: In the <cognos_install>/uninstall/backup directory there will be a list of date stamped folders with the applied fix packs and/or interim fixes. 
    For versions 10.2.1 FP1 and above: This is stored in the <cognos_install>/bkp directory 
 5. Go into the folders and check the cmplst.txt file and check for the correct version to revert to. 
 6. Once the correct version is found, copy the contents of the whole folder and paste it at the <cognos_install> level, which will overwrite the files applied by fix pack or interim fix update. 
 7. Start the Cognos service.",0,0.24271844660194172,1,1.0,0.2940564453601837
unsloth/mistral-7b-instruct-v0.3-bnb-4bit,"How to remove the default -Xcompressedrefs from my WebSphere Application Server

My understanding is that for performance reasons, the WebSphere Application server on 64bit JVMs is, by default, using compressed references (-Xcompressedrefs). Due to native OutOfMemory error, I would like to remove that default, so there is no such limitation imposed on my native memory size. ","To remove the default -Xcompressedrefs from your WebSphere Application Server, you can modify the JVM options in the server's configuration. Look for the JVM options in the server's configuration file (server1.xml or server2.xml) and remove the -Xcompressedrefs option. After saving the changes, restart the server for the changes to take","To avoid this problem, the generic JVM argument [http://www-01.ibm.com/support/docview.wss?uid=swg21417365] -Xgc:preferredHeapBase=<address> [http://publib.boulder.ibm.com/infocenter/javasdk/v6r0/topic/com.ibm.java.doc.diagnostics.60/diag/understanding/mm_compressed_references.html] can be used to ensure the Java heap is allocated above the 4GB address space. This will leave more room for the Class Pointer and Monitor/Lock memory.",0,0.17910447761194032,1,1.0,0.3353496491909027
unsloth/mistral-7b-instruct-v0.3-bnb-4bit,"Is it recommended to use symbolic links when installing Omnibus 8.1 fixpacks?

Is it recommended to use symbolic links when installing Omnibus 8.1 fixpacks?",I don't know. The context provided does not specify whether it is recommended to use symbolic links when installing Omnibus 8.1 fixpacks.,You install IBM Installation Manager by using symbolic links at the root level for the agent data location or the installation location or for both locations and after a system change or system restart you cannot start Installation Manager or you cannot use Installation Manager to update or uninstall products.,0,0.18181818181818182,1,1.0,0.25651878118515015
unsloth/mistral-7b-instruct-v0.3-bnb-4bit,"Security Bulletin: IBM MQ Appliance is affected by a Network Security Services (NSS) vulnerability (CVE-2017-5461)

I need to understand details regarding Security Bulletin: IBM MQ Appliance is affected by a Network Security Services (NSS) vulnerability (CVE-2017-5461). Where can I find this information?",The provided context does not contain information about Security Bulletin: IBM MQ Appliance is affected by a Network Security Services (NSS) vulnerability (CVE-2017-5461). I don't know.,"CVEID:CVE-2017-5461 [http://cve.mitre.org/cgi-bin/cvename.cgi?name=CVE-2017-5461]
DESCRIPTION:Mozilla Firefox could allow a remote attacker to execute arbitrary code on the system, caused by an out-of-bounds write during Base64 decoding operation in the Network Security Services (NSS) library. By persuading a user to visit a specially-crafted website, a remote attacker could exploit this vulnerability using unknown attack vectors to execute arbitrary code on the vulnerable system or cause a denial of service.
CVSS Base Score: 8.8
CVSS Temporal Score: Seehttps://exchange.xforce.ibmcloud.com/vulnerabilities/125002 [https://exchange.xforce.ibmcloud.com/vulnerabilities/125002]for the current score
CVSS Environmental Score*: Undefined
CVSS Vector: (CVSS:3.0/AV:N/AC:L/PR:N/UI:R/S:U/C:H/I:H/A:H)",0,0.1797752808988764,1,1.0,0.3519403338432312
unsloth/mistral-7b-instruct-v0.3-bnb-4bit,"Non-admin users cannot access webDAV filestore. What is the likely reason?

A non-admin user trying to access the webDAV filestore is unable to do so and they see the below exception in the portal logs:
Caused by: com.ibm.icm.da.DBAccessException: User id can not be null at com.ibm.icm.da.portable.connection.Logon.logon(Logon.java:159) at com.ibm.icm.da.portable.connection.ConnectionManager.logon(ConnectionManager.java:45) ",The likely reason is that the non-admin user does not have the attribute defined in the backend user registry which matches the attribute defined in the store.puma_default.user.fbadefault.filter property in WP PumaStoreService Resource Environment Provider. This attribute is used by JCR when queuing requests.,"Create/update the store.puma_default.user.fbadefault.filter custom property for the WP PumaStoreService Resource Environment Provider via the Integrated Solutions Console to an attribute that exists for all Portal users in the backend user registry (for example, ""cn"").",0,0.4262295081967213,1,1.0,0.27387356758117676
unsloth/mistral-7b-instruct-v0.3-bnb-4bit,"What is the equivalent of the .LG0 file for the OS agent - A4 - on i5 systems?

What is the equivalent of the .LG0 file for the OS agent - A4 - on i5 systems? ",I don't know. The context does not provide information about the .LG0 file for the OS agent - A4 - on i5 systems.,"The pdcollect tool for the IBM i OS agent allows you to easily and quickly collect the most commonly used information from an IBM i system for IBM Support to investigate a problem. The tool gathers log files, configuration information, version information, job information, message queue information, and basic system information.",0,0.2105263157894737,1,1.0,0.19596777856349945
unsloth/mistral-7b-instruct-v0.3-bnb-4bit,"Authorization code missing for SPSS 25?

I purchased the IBM SPSS from Amazon, and I do not know where to locate the authorization code of license code/key. Can anyone help me? ","To locate the authorization code for your IBM SPSS 25, you should contact the seller (Amazon) or the manufacturer (IBM) to request the authorization code. You can also visit the Predictive Analytics Community Get Help page (https://developer.ibm.com/predictiveanalytics/get-help/) for assistance with your authorization codes.","For installation & licensing issues on Student version and Graduate pack, contact your vendor.",0,0.1276595744680851,0,1.0,0.3559696674346924
unsloth/mistral-7b-instruct-v0.3-bnb-4bit,"Unable to add the document using content Navigator. We are getting the following error code. CIWEB1158.

The user is unable to add the document using content Navigator. We are getting the following error code. CIWEB1158. ",The error code CIWEB1158 is not mentioned in the provided context. I don't know the cause or resolution for this error code. The context only discusses the error code FNRCE0001E and its resolution related to insufficient access rights on the ReferentialContainmentRelationship and DynamicReferentialContainmentRelationship classes.,User does not have Create_Instance right on the security permission of the ReferentialContainmentRelationship and DynamicReferentialContainmentRelationship classes and cannot create these objects when adding documents.,0,0.21428571428571427,1,1.0,0.24318689107894897
unsloth/mistral-7b-instruct-v0.3-bnb-4bit,"Does Linux KVM monitoring agent support CANDLEDATA function?

Does Linux KVM monitoring agent in ITM support CANDLEDATA function? ",I don't know. The context provided does not mention the Linux KVM monitoring agent supporting the CANDLEDATA function.,The CANDLEDATA mechanism is available with ITM 6.30.05.00.,0,0.16666666666666666,0,1.0,0.17195507884025574
unsloth/mistral-7b-instruct-v0.3-bnb-4bit,"Help with Security Bulletin: Malicious File Download vulnerability in IBM Business Process Manager (BPM) and WebSphere Lombardi Edition (WLE) - CVE-2016-9693

Where can I find information for Security bulletin: Malicious File Download vulnerability in IBM Business Process Manager (BPM) and WebSphere Lombardi Edition (WLE) - CVE-2016-9693? ",You can find information for Security bulletin: Malicious File Download vulnerability in IBM Business Process Manager (BPM) and WebSphere Lombardi Edition (WLE) - CVE-2016-9693 at the following link: [IBM Security Bulletin: Malicious File Download vulnerability in IBM Business Process Manager (BPM) and WebS,"CVEID:CVE-2016-9693 [http://cve.mitre.org/cgi-bin/cvename.cgi?name=CVE-2016-9693]
DESCRIPTION:IBM Business Process Manager has a file download capability that is vulnerable to a set of attacks. Ultimately, an attacker can cause an unauthenticated victim to download a malicious payload. An existing file type restriction can be bypassed so that the payload might be considered executable and cause damage on the victim's machine.
CVSS Base Score: 7.1
CVSS Temporal Score: Seehttps://exchange.xforce.ibmcloud.com/vulnerabilities/119517 [https://exchange.xforce.ibmcloud.com/vulnerabilities/119517]for the current score
CVSS Environmental Score*: Undefined
CVSS Vector: (CVSS:3.0/AV:N/AC:L/PR:N/UI:R/S:C/C:L/I:L/A:L)",0,0.20689655172413793,1,1.0,0.39800384640693665
unsloth/mistral-7b-instruct-v0.3-bnb-4bit,"How to change the maximun string length for properties in ACCE



HI I am trying to change the maximum string length in ACCE like we will do in FEM but in the more Tab I am not seeing the option

Please guide me","In ACCE, you can change the maximum string length for properties by following these steps:

1. Launch ACCE
2. Expand the object stores folder and click the object store to open the Object store tab
3. Expand the Data Design folder and Classes folder. Click the document class to open Document Class tab
4. From Properties tab, open Property Definitions","Follow the below steps to update the property definition properties on ACCE: 




 1. Launch ACCE 
 2. Expand the object stores folder and click the object store to open the Object store tab 
 3. Expand the Data Design folder and Classes folder. Click the document class to open Document Class tab 
 4. From Properties tab, open Property Definitions drop down and select the property definition you want to modify 
 5. ACCE will open that property definition in a new Properties tab 
 6. Modify the property definition as required 
 7. Go back to the Class Definition tab and click Save",0,0.631578947368421,1,1.0,0.22206875681877136
unsloth/mistral-7b-instruct-v0.3-bnb-4bit,"Help with Security Bulletin: A security vulnerability has been identified in WebSphere Application Server shipped with WSRR (CVE-2017-1731)

I need to understand details regarding Security Bulletin: Vulnerability identified in IBM WebSphere Application Server shipped with IBM WebSphere Service Registry and Repository (CVE-2017-1741). We are running WAS traditional V8.5.  What is the recommended fix?","The question refers to CVE-2017-1741, which is not mentioned in the provided context. The context only discusses CVE-2018-2633 and CVE-2018-2603. Therefore, I don't know the recommended fix for CVE-2017-1741","· Upgrade to a minimal fix pack levels as required by interim fix and then apply Interim Fix PI89498 [http://www-01.ibm.com/support/docview.wss?uid=swg24044512] 
--OR-- 
· Apply Fix Pack 8.0.0.15 or later.",0,0.12765957446808512,1,1.0,0.4081258773803711
